{
 "cube": {
  "GT": {
   "chamfer": 1.4172888991630472,
   "fscore": 99.9983332555551,
   "time": 0.0,
   "faces": 12,
   "parts": 1
  },
  "SPSR": {
   "chamfer": 1.4932349242548297,
   "fscore": 99.96499191941153,
   "time": 0.6072981357574463,
   "faces": 19436,
   "parts": 1
  },
  "BPA": {
   "chamfer": 3.2669110611974603,
   "fscore": 69.936364339799,
   "time": 0.026645421981811523,
   "faces": 2981,
   "parts": 1293
  },
  "APSS": {
   "chamfer": 1.4835702219308653,
   "fscore": 99.69748001486276,
   "time": 1.270599603652954,
   "faces": 141800,
   "parts": 1
  },
  "RIMLS": {
   "chamfer": 1.6197317568842442,
   "fscore": 98.03041615640603,
   "time": 1.6253561973571777,
   "faces": 147316,
   "parts": 1
  },
  "tori": {
   "chamfer": 11.1213705452354,
   "fscore": 67.093018687494,
   "time": 7.611217737197876,
   "faces": 238014,
   "parts": 24
  },
  "ours": {
   "chamfer": 1.4978018337321064,
   "fscore": 99.9983332555551,
   "time": 2.8351190090179443,
   "faces": 161888,
   "parts": 1
  }
 },
 "teapot": {
  "GT": {
   "chamfer": 0.6202746967667141,
   "fscore": 99.99999994999999,
   "time": 0.0,
   "faces": 6320,
   "parts": 3
  },
  "SPSR": {
   "chamfer": 0.7003101839217494,
   "fscore": 99.82134802072629,
   "time": 0.8049306869506836,
   "faces": 25172,
   "parts": 3
  },
  "BPA": {
   "chamfer": 0.805651868631437,
   "fscore": 99.83807149900434,
   "time": 0.036834716796875,
   "faces": 6749,
   "parts": 347
  },
  "APSS": {
   "chamfer": 0.6972914506750346,
   "fscore": 99.86648860153547,
   "time": 0.41626405715942383,
   "faces": 42277,
   "parts": 1
  },
  "RIMLS": {
   "chamfer": 0.7216547724964899,
   "fscore": 99.98166325493924,
   "time": 0.5809118747711182,
   "faces": 44797,
   "parts": 1
  },
  "tori": {
   "chamfer": 5.038922156414808,
   "fscore": 68.24480111448771,
   "time": 8.214277267456055,
   "faces": 54472,
   "parts": 15
  },
  "ours": {
   "chamfer": 1.9141986252392722,
   "fscore": 92.3052069935355,
   "time": 3.249089241027832,
   "faces": 58902,
   "parts": 6
  }
 },
 "bunny": {
  "GT": {
   "chamfer": 0.7406810369473894,
   "fscore": 99.99999994999999,
   "time": 0.0,
   "faces": 69451,
   "parts": 1
  },
  "SPSR": {
   "chamfer": 0.8243805372527873,
   "fscore": 99.88653802648675,
   "time": 0.730759859085083,
   "faces": 24424,
   "parts": 1
  },
  "BPA": {
   "chamfer": 1.0118621591230275,
   "fscore": 99.35250104034999,
   "time": 0.038907766342163086,
   "faces": 6534,
   "parts": 286
  },
  "APSS": {
   "chamfer": 0.7928879629219837,
   "fscore": 99.86147499047274,
   "time": 0.8602497577667236,
   "faces": 79050,
   "parts": 1
  },
  "RIMLS": {
   "chamfer": 0.8326772561292637,
   "fscore": 99.87317263540159,
   "time": 1.1481480598449707,
   "faces": 82007,
   "parts": 1
  },
  "tori": {
   "chamfer": 4.632310664883658,
   "fscore": 73.11791570390929,
   "time": 8.209424257278442,
   "faces": 66438,
   "parts": 26
  },
  "ours": {
   "chamfer": 0.970293107762183,
   "fscore": 98.94736837105818,
   "time": 2.5101146697998047,
   "faces": 71474,
   "parts": 4
  }
 },
 "knurl": {
  "GT": {
   "chamfer": 1.077471386188337,
   "fscore": 99.99999994999999,
   "time": 0.0,
   "faces": 32400,
   "parts": 1
  },
  "SPSR": {
   "chamfer": 1.4965000254498657,
   "fscore": 99.68909715132455,
   "time": 0.6972963809967041,
   "faces": 26574,
   "parts": 1
  },
  "BPA": {
   "chamfer": 2.269443918255119,
   "fscore": 85.79694692272435,
   "time": 0.03309822082519531,
   "faces": 3952,
   "parts": 884
  },
  "APSS": {
   "chamfer": 1.308706701850525,
   "fscore": 99.5799092371856,
   "time": 0.9152536392211914,
   "faces": 112238,
   "parts": 1
  },
  "RIMLS": {
   "chamfer": 1.5116295038944447,
   "fscore": 97.95744820594358,
   "time": 1.6113512516021729,
   "faces": 137193,
   "parts": 1
  },
  "tori": {
   "chamfer": 5.383423080744404,
   "fscore": 68.44179010956574,
   "time": 7.7418599128723145,
   "faces": 185544,
   "parts": 138
  },
  "ours": {
   "chamfer": 4.182675396887603,
   "fscore": 72.82280321646893,
   "time": 3.478250026702881,
   "faces": 225970,
   "parts": 47
  }
 },
 "chair": {
  "GT": {
   "chamfer": 0.47635069406277497,
   "fscore": 99.99999994999999,
   "time": 0.0,
   "faces": 2996,
   "parts": 6
  },
  "SPSR": {
   "chamfer": 8.758769003448322,
   "fscore": 46.578705088540424,
   "time": 0.9428598880767822,
   "faces": 75186,
   "parts": 5
  },
  "BPA": {
   "chamfer": 0.5748405457908983,
   "fscore": 99.99999994999999,
   "time": 0.02929854393005371,
   "faces": 6937,
   "parts": 528
  },
  "APSS": {
   "chamfer": 0.7307587260985491,
   "fscore": 99.99166592216434,
   "time": 0.6426887512207031,
   "faces": 65848,
   "parts": 1
  },
  "RIMLS": {
   "chamfer": 0.6054754376188598,
   "fscore": 99.96999094729918,
   "time": 0.9668323993682861,
   "faces": 74988,
   "parts": 1
  },
  "tori": {
   "chamfer": 7.211457039624943,
   "fscore": 64.84660084819124,
   "time": 7.978602409362793,
   "faces": 54532,
   "parts": 677
  },
  "ours": {
   "chamfer": 3.923562391912437,
   "fscore": 99.29849244773665,
   "time": 2.5464165210723877,
   "faces": 53872,
   "parts": 1
  }
 },
 "guitar": {
  "GT": {
   "chamfer": 0.3512885817972177,
   "fscore": 99.99999994999999,
   "time": 0.0,
   "faces": 18434,
   "parts": 7
  },
  "SPSR": {
   "chamfer": 12.810298068701556,
   "fscore": 51.404229988059654,
   "time": 0.6190023422241211,
   "faces": 47268,
   "parts": 15
  },
  "BPA": {
   "chamfer": 0.4086189909758049,
   "fscore": 99.99999994999999,
   "time": 0.029845714569091797,
   "faces": 6664,
   "parts": 704
  },
  "APSS": {
   "chamfer": 0.6994206948499856,
   "fscore": 99.99999994999999,
   "time": 0.20377612113952637,
   "faces": 36633,
   "parts": 1
  },
  "RIMLS": {
   "chamfer": 0.6625640946106068,
   "fscore": 99.99999994999999,
   "time": 0.37251782417297363,
   "faces": 38867,
   "parts": 1
  },
  "tori": {
   "chamfer": 9.285047950912922,
   "fscore": 57.74362417517077,
   "time": 7.672657489776611,
   "faces": 29062,
   "parts": 285
  },
  "ours": {
   "chamfer": 1.593930965595583,
   "fscore": 99.99999994999999,
   "time": 3.3536980152130127,
   "faces": 14588,
   "parts": 1
  }
 },
 "table": {
  "GT": {
   "chamfer": 0.7625048703361046,
   "fscore": 99.99999994999999,
   "time": 0.0,
   "faces": 5408,
   "parts": 15
  },
  "SPSR": {
   "chamfer": 9.599279972083222,
   "fscore": 51.296776722570044,
   "time": 0.6715211868286133,
   "faces": 51614,
   "parts": 11
  },
  "BPA": {
   "chamfer": 1.240546964935681,
   "fscore": 99.62862586588949,
   "time": 0.06904077529907227,
   "faces": 6689,
   "parts": 317
  },
  "APSS": {
   "chamfer": 1.464682739200705,
   "fscore": 98.84685408717031,
   "time": 0.60251784324646,
   "faces": 87562,
   "parts": 1
  },
  "RIMLS": {
   "chamfer": 1.3214551456674617,
   "fscore": 99.19016090971294,
   "time": 0.990210771560669,
   "faces": 97072,
   "parts": 1
  },
  "tori": {
   "chamfer": 4.880935147080828,
   "fscore": 79.97839606330434,
   "time": 7.29589056968689,
   "faces": 99668,
   "parts": 413
  },
  "ours": {
   "chamfer": 2.6377447304525763,
   "fscore": 95.45459666387346,
   "time": 3.4340407848358154,
   "faces": 80172,
   "parts": 4
  }
 }
}